symbol,pt_mean,pt_median,pt_high,pt_low,pt_count,rec_mean,last_update,recency_days,source
2S,,,,,,,,,yfinance.info/recommendations
A,,,,,,,,,yfinance.info/recommendations
A5,,,,,,,,,yfinance.info/recommendations
AAI,6.15,6.15,6.2,6.1,2.0,,1970-01-01,20403.0,yfinance.info/recommendations
AAV,1.11875,1.01,1.5,0.8,8.0,4.0,1970-01-01,20403.0,yfinance.info/recommendations
ABM,,,,,,,,,yfinance.info/recommendations
ACAP,,,,,,,,,yfinance.info/recommendations
ACC,,,,,,,,,yfinance.info/recommendations
ACE,,,,,,,,,yfinance.info/recommendations
ACG,,,,,,,,,yfinance.info/recommendations
ADB,,,,,,,,,yfinance.info/recommendations
ADD,,,,,,,,,yfinance.info/recommendations
ADVANC,337.0,340.0,370.0,300.0,19.0,1.4,1970-01-01,20403.0,yfinance.info/recommendations
ADVICE,6.775,6.75,7.2,6.4,4.0,,1970-01-01,20403.0,yfinance.info/recommendations
AE,,,,,,,,,yfinance.info/recommendations
AEONTS,133.5,135.5,142.0,120.0,10.0,1.7,1970-01-01,20403.0,yfinance.info/recommendations
AF,,,,,,,,,yfinance.info/recommendations
AFC,,,,,,,,,yfinance.info/recommendations
AGE,,,,,,,,,yfinance.info/recommendations
AH,15.18,15.0,17.4,14.0,5.0,,1970-01-01,20403.0,yfinance.info/recommendations
AHC,,,,,,,,,yfinance.info/recommendations
AI,,,,,,,,,yfinance.info/recommendations
AIE,,,,,,,,,yfinance.info/recommendations
AIMCG,,,,,,,,,yfinance.info/recommendations
AIMIRT,11.4,11.4,11.8,11.0,2.0,,1970-01-01,20403.0,yfinance.info/recommendations
AIRA,,,,,,,,,yfinance.info/recommendations
AIT,,,,,,,,,yfinance.info/recommendations
AJ,,,,,,,,,yfinance.info/recommendations
AJA,,,,,,,,,yfinance.info/recommendations
AKP,,,,,,,,,yfinance.info/recommendations
AKR,,,,,,,,,yfinance.info/recommendations
AKS,,,,,,,,,yfinance.info/recommendations
ALLA,,,,,,,,,yfinance.info/recommendations
ALLY,5.0,5.0,5.0,5.0,1.0,,1970-01-01,20403.0,yfinance.info/recommendations
ALPHAX,,,,,,,,,yfinance.info/recommendations
ALT,,,,,,,,,yfinance.info/recommendations
ALUCON,,,,,,,,,yfinance.info/recommendations
AMA,,,,,,,,,yfinance.info/recommendations
AMANAH,0.78,0.78,0.78,0.78,1.0,,1970-01-01,20403.0,yfinance.info/recommendations
AMARC,4.0,4.0,4.0,4.0,1.0,1.0,1970-01-01,20403.0,yfinance.info/recommendations
AMARIN,,,,,,,,,yfinance.info/recommendations
AMATA,22.34375,22.25,35.0,14.0,16.0,1.375,1970-01-01,20403.0,yfinance.info/recommendations
AMATAR,,,,,,,,,yfinance.info/recommendations
AMATAV,,,,,,,,,yfinance.info/recommendations
AMC,,,,,,,,,yfinance.info/recommendations
AMR,,,,,,,,,yfinance.info/recommendations
ANAN,0.52333,0.5,0.67,0.4,3.0,,1970-01-01,20403.0,yfinance.info/recommendations
ANI,,,,,,,,,yfinance.info/recommendations
AOT,39.50714,38.0,57.0,28.0,21.0,2.85714,1970-01-01,20403.0,yfinance.info/recommendations
AP,9.67692,9.6,11.8,7.8,13.0,1.38462,1970-01-01,20403.0,yfinance.info/recommendations
APCO,,,,,,,,,yfinance.info/recommendations
APCS,,,,,,,,,yfinance.info/recommendations
APO,,,,,,,,,yfinance.info/recommendations
APP,,,,,,,,,yfinance.info/recommendations
APURE,,,,,,,,,yfinance.info/recommendations
AQUA,,,,,,,,,yfinance.info/recommendations
ARIN,,,,,,,,,yfinance.info/recommendations
ARIP,,,,,,,,,yfinance.info/recommendations
ARROW,6.4,6.4,6.4,6.4,1.0,,1970-01-01,20403.0,yfinance.info/recommendations
AS,,,,,,,,,yfinance.info/recommendations
ASAP,,,,,,,,,yfinance.info/recommendations
ASEFA,,,,,,,,,yfinance.info/recommendations
ASIA,,,,,,,,,yfinance.info/recommendations
ASIAN,,,,,,,,,yfinance.info/recommendations
ASIMAR,,,,,,,,,yfinance.info/recommendations
ASK,7.73333,7.3,9.5,6.4,3.0,4.33333,1970-01-01,20403.0,yfinance.info/recommendations
ASN,,,,,,,,,yfinance.info/recommendations
ASP,,,,,,,,,yfinance.info/recommendations
ASW,7.61667,7.3,8.95,6.6,3.0,2.25,1970-01-01,20403.0,yfinance.info/recommendations
ATP30,1.32,1.32,1.32,1.32,1.0,,1970-01-01,20403.0,yfinance.info/recommendations
AU,6.48,6.46,7.8,5.2,4.0,,1970-01-01,20403.0,yfinance.info/recommendations
AUCT,6.0,6.0,6.0,6.0,1.0,,1970-01-01,20403.0,yfinance.info/recommendations
AURA,20.73333,21.0,21.4,19.8,3.0,,1970-01-01,20403.0,yfinance.info/recommendations
AWC,2.76636,2.7,4.7,1.9,11.0,1.90909,1970-01-01,20403.0,yfinance.info/recommendations
AXTRART,14.175,14.175,14.65,13.7,2.0,,1970-01-01,20403.0,yfinance.info/recommendations
AYUD,,,,,,,,,yfinance.info/recommendations
B,,,,,,,,,yfinance.info/recommendations
B-WORK,,,,,,,,,yfinance.info/recommendations
B52,,,,,,,,,yfinance.info/recommendations
BA,19.95556,20.0,28.0,14.1,9.0,1.22222,1970-01-01,20403.0,yfinance.info/recommendations
BAFS,,,,,,,,,yfinance.info/recommendations
BAM,8.14286,7.5,10.0,6.5,7.0,2.5,1970-01-01,20403.0,yfinance.info/recommendations
BANPU,5.41667,5.5,6.5,4.0,6.0,2.5,1970-01-01,20403.0,yfinance.info/recommendations
BAREIT,,,,,,,,,yfinance.info/recommendations
BAY,25.85,25.85,28.0,23.7,2.0,2.0,1970-01-01,20403.0,yfinance.info/recommendations
BBGI,4.3,4.3,4.3,4.3,1.0,,1970-01-01,20403.0,yfinance.info/recommendations
BBIK,31.475,30.55,36.6,28.2,4.0,1.0,1970-01-01,20403.0,yfinance.info/recommendations
BBL,163.52632,165.0,189.0,128.0,19.0,2.7,1970-01-01,20403.0,yfinance.info/recommendations
BC,,,,,,,,,yfinance.info/recommendations
BCH,16.5,16.5,20.0,12.0,15.0,1.4,1970-01-01,20403.0,yfinance.info/recommendations
BCP,40.39231,41.0,49.0,31.0,13.0,1.61538,1970-01-01,20403.0,yfinance.info/recommendations
BCPG,9.98571,10.0,12.0,8.0,7.0,1.0,1970-01-01,20403.0,yfinance.info/recommendations
BCT,,,,,,,,,yfinance.info/recommendations
BDMS,28.75652,29.0,37.0,20.0,23.0,1.6087,1970-01-01,20403.0,yfinance.info/recommendations
BE8,5.6,5.45,7.0,4.5,4.0,4.0,1970-01-01,20403.0,yfinance.info/recommendations
BEAUTY,,,,,,,,,yfinance.info/recommendations
BEC,3.105,2.96,4.0,2.5,4.0,,1970-01-01,20403.0,yfinance.info/recommendations
BEM,8.47917,8.325,10.4,7.3,12.0,1.0,1970-01-01,20403.0,yfinance.info/recommendations
BEYOND,,,,,,,,,yfinance.info/recommendations
BGC,,,,,,,,,yfinance.info/recommendations
BGRIM,17.74667,16.5,28.0,11.6,15.0,1.8,1970-01-01,20403.0,yfinance.info/recommendations
BGT,,,,,,,,,yfinance.info/recommendations
BH,213.38112,216.0,300.0,160.0,21.0,1.80952,1970-01-01,20403.0,yfinance.info/recommendations
BIG,,,,,,,,,yfinance.info/recommendations
BIOTEC,,,,,,,,,yfinance.info/recommendations
BIS,,,,,,,,,yfinance.info/recommendations
BIZ,,,,,,,,,yfinance.info/recommendations
BJC,21.40667,22.0,30.0,17.0,15.0,,1970-01-01,20403.0,yfinance.info/recommendations
BJCHI,,,,,,,,,yfinance.info/recommendations
BKA,,,,,,,,,yfinance.info/recommendations
BKD,,,,,,,1970-01-01,20403.0,yfinance.info/recommendations
BKGI,1.7,1.7,1.7,1.7,1.0,,1970-01-01,20403.0,yfinance.info/recommendations
BKIH,,,,,,,,,yfinance.info/recommendations
BLA,28.0,28.0,28.0,28.0,1.0,,1970-01-01,20403.0,yfinance.info/recommendations
BLAND,,,,,,,,,yfinance.info/recommendations
BLC,,,,,,,,,yfinance.info/recommendations
BLESS,,,,,,,,,yfinance.info/recommendations
BLISS,,,,,,,,,yfinance.info/recommendations
BM,,,,,,,,,yfinance.info/recommendations
BOFFICE,5.3,5.3,5.3,5.3,1.0,,1970-01-01,20403.0,yfinance.info/recommendations
BOL,,,,,,,,,yfinance.info/recommendations
BPP,10.0,10.0,10.0,10.0,1.0,1.5,1970-01-01,20403.0,yfinance.info/recommendations
BPS,,,,,,,,,yfinance.info/recommendations
BR,,,,,,,,,yfinance.info/recommendations
BRI,,,,,,,,,yfinance.info/recommendations
BROCK,,,,,,,,,yfinance.info/recommendations
BRR,,,,,,,,,yfinance.info/recommendations
BSBM,,,,,,,,,yfinance.info/recommendations
BSM,,,,,,,,,yfinance.info/recommendations
BSRC,6.06667,6.05,7.4,4.7,6.0,1.66667,1970-01-01,20403.0,yfinance.info/recommendations
BTC,,,,,,,,,yfinance.info/recommendations
BTG,19.1,19.2,22.6,16.6,6.0,,1970-01-01,20403.0,yfinance.info/recommendations
BTNC,,,,,,,,,yfinance.info/recommendations
BTS,5.13167,5.25,6.49,3.5,6.0,2.42857,1970-01-01,20403.0,yfinance.info/recommendations
BTW,,,,,,,,,yfinance.info/recommendations
BUI,,,,,,,,,yfinance.info/recommendations
BVG,,,,,,,,,yfinance.info/recommendations
BWG,,,,,,,,,yfinance.info/recommendations
BYD,,,,,,,,,yfinance.info/recommendations
CAZ,,,,,,,,,yfinance.info/recommendations
CBG,58.75357,58.0,72.3,47.5,14.0,,1970-01-01,20403.0,yfinance.info/recommendations
CCET,7.55,7.55,7.9,7.2,2.0,,1970-01-01,20403.0,yfinance.info/recommendations
CCP,,,,,,,,,yfinance.info/recommendations
CEN,,,,,,,,,yfinance.info/recommendations
CENTEL,37.01667,37.0,44.0,28.5,15.0,1.5,1970-01-01,20403.0,yfinance.info/recommendations
CEYE,,,,,,,,,yfinance.info/recommendations
CFARM,,,,,,,,,yfinance.info/recommendations
CFRESH,,,,,,,,,yfinance.info/recommendations
CGD,,,,,,,,,yfinance.info/recommendations
CGH,,,,,,,,,yfinance.info/recommendations
CH,,,,,,,,,yfinance.info/recommendations
CHAO,6.0,6.0,6.0,6.0,1.0,,1970-01-01,20403.0,yfinance.info/recommendations
CHARAN,,,,,,,,,yfinance.info/recommendations
CHASE,,,,,,,,,yfinance.info/recommendations
CHAYO,2.75,2.75,4.0,1.5,2.0,,1970-01-01,20403.0,yfinance.info/recommendations
CHEWA,,,,,,,,,yfinance.info/recommendations
CHG,2.196,2.19,3.1,1.7,10.0,1.4,1970-01-01,20403.0,yfinance.info/recommendations
CHIC,,,,,,,,,yfinance.info/recommendations
CHO,,,,,,,,,yfinance.info/recommendations
CHOTI,,,,,,,,,yfinance.info/recommendations
CHOW,,,,,,,,,yfinance.info/recommendations
CI,,,,,,,,,yfinance.info/recommendations
CIG,,,,,,,,,yfinance.info/recommendations
CIMBT,,,,,,,,,yfinance.info/recommendations
CITY,,,,,,,,,yfinance.info/recommendations
CIVIL,,,,,,,,,yfinance.info/recommendations
CK,20.52,20.1,27.5,18.0,10.0,1.09091,1970-01-01,20403.0,yfinance.info/recommendations
CKP,3.94667,3.7,5.0,3.68,6.0,1.0,1970-01-01,20403.0,yfinance.info/recommendations
CM,,,,,,,,,yfinance.info/recommendations
CMAN,,,,,,,,,yfinance.info/recommendations
CMC,,,,,,,,,yfinance.info/recommendations
CMO,,,,,,,,,yfinance.info/recommendations
CMR,,,,,,,,,yfinance.info/recommendations
CNT,,,,,,,,,yfinance.info/recommendations
COCOCO,8.1,8.1,9.2,7.0,2.0,,1970-01-01,20403.0,yfinance.info/recommendations
COLOR,,,,,,,,,yfinance.info/recommendations
COM7,30.84375,31.25,34.0,27.0,8.0,1.33333,1970-01-01,20403.0,yfinance.info/recommendations
COMAN,,,,,,,,,yfinance.info/recommendations
CPALL,66.01857,65.0,80.0,55.5,21.0,1.13636,1970-01-01,20403.0,yfinance.info/recommendations
CPANEL,,,,,,,,,yfinance.info/recommendations
CPAXT,24.66412,25.0,32.0,19.0,17.0,,1970-01-01,20403.0,yfinance.info/recommendations
CPF,26.22308,25.0,38.0,21.3,13.0,2.41667,1970-01-01,20403.0,yfinance.info/recommendations
CPH,,,,,,,,,yfinance.info/recommendations
CPI,,,,,,,,,yfinance.info/recommendations
CPL,,,,,,,,,yfinance.info/recommendations
CPN,68.24316,69.0,83.0,55.0,19.0,1.31579,1970-01-01,20403.0,yfinance.info/recommendations
CPNREIT,12.0,12.3,12.5,10.5,5.0,,1970-01-01,20403.0,yfinance.info/recommendations
CPR,,,,,,,,,yfinance.info/recommendations
CPT,,,,,,,,,yfinance.info/recommendations
CPW,,,,,,,,,yfinance.info/recommendations
CRANE,,,,,,,,,yfinance.info/recommendations
CRC,23.3625,23.0,40.0,18.5,20.0,2.4,1970-01-01,20403.0,yfinance.info/recommendations
CRD,,,,,,,,,yfinance.info/recommendations
CREDIT,27.75,27.75,29.0,26.5,2.0,1.0,1970-01-01,20403.0,yfinance.info/recommendations
CSC,,,,,,,,,yfinance.info/recommendations
CSP,,,,,,,,,yfinance.info/recommendations
CSR,,,,,,,,,yfinance.info/recommendations
CSS,,,,,,,,,yfinance.info/recommendations
CTW,,,,,,,,,yfinance.info/recommendations
CV,,,,,,,,,yfinance.info/recommendations
CWT,,,,,,,,,yfinance.info/recommendations
D,4.0,4.0,4.0,4.0,1.0,,1970-01-01,20403.0,yfinance.info/recommendations
DCC,1.64,1.64,1.85,1.43,2.0,2.0,1970-01-01,20403.0,yfinance.info/recommendations
DCON,,,,,,,,,yfinance.info/recommendations
DDD,,,,,,,,,yfinance.info/recommendations
DELTA,182.88235,196.0,275.0,63.0,17.0,3.25,1970-01-01,20403.0,yfinance.info/recommendations
DEMCO,,,,,,,,,yfinance.info/recommendations
DEXON,,,,,,,,,yfinance.info/recommendations
DHOUSE,,,,,,,,,yfinance.info/recommendations
DIMET,,,,,,,,,yfinance.info/recommendations
DITTO,,,,,,,,,yfinance.info/recommendations
DMT,,,,,,,,,yfinance.info/recommendations
DOD,,,,,,,,,yfinance.info/recommendations
DOHOME,4.74462,4.5,10.0,2.1,13.0,2.46154,1970-01-01,20403.0,yfinance.info/recommendations
DPAINT,,,,,,,,,yfinance.info/recommendations
DREIT,6.2,6.2,6.2,6.2,1.0,,1970-01-01,20403.0,yfinance.info/recommendations
DRT,,,,,,,,,yfinance.info/recommendations
DTCENT,,,,,,,,,yfinance.info/recommendations
DTCI,,,,,,,,,yfinance.info/recommendations
DUSIT,,,,,,,,,yfinance.info/recommendations
DV8,,,,,,,,,yfinance.info/recommendations
EA,1.5,1.5,1.5,1.5,1.0,,,,yfinance.info/recommendations
EASON,,,,,,,,,yfinance.info/recommendations
EAST,,,,,,,,,yfinance.info/recommendations
EASTW,,,,,,,,,yfinance.info/recommendations
ECF,,,,,,,,,yfinance.info/recommendations
EFORL,,,,,,,,,yfinance.info/recommendations
EGCO,134.68182,132.0,176.0,106.5,11.0,1.81818,1970-01-01,20403.0,yfinance.info/recommendations
EKH,5.36667,5.7,6.1,4.3,3.0,,1970-01-01,20403.0,yfinance.info/recommendations
EMC,,,,,,,,,yfinance.info/recommendations
EMPIRE,,,,,,,,,yfinance.info/recommendations
EP,,,,,,,,,yfinance.info/recommendations
EPG,3.36667,3.3,4.3,2.5,3.0,2.0,1970-01-01,20403.0,yfinance.info/recommendations
ERW,3.34,3.2,5.6,2.7,15.0,1.4,1970-01-01,20403.0,yfinance.info/recommendations
ESTAR,,,,,,,,,yfinance.info/recommendations
ETC,,,,,,,,,yfinance.info/recommendations
ETE,,,,,,,,,yfinance.info/recommendations
ETL,0.48,0.48,0.48,0.48,1.0,,,,yfinance.info/recommendations
EURO,,,,,,,,,yfinance.info/recommendations
EVER,,,,,,,,,yfinance.info/recommendations
FANCY,,,,,,,,,yfinance.info/recommendations
FE,,,,,,,,,yfinance.info/recommendations
FLOYD,,,,,,,,,yfinance.info/recommendations
FM,5.1,5.1,5.1,5.1,1.0,,1970-01-01,20403.0,yfinance.info/recommendations
FMT,,,,,,,,,yfinance.info/recommendations
FN,,,,,,,,,yfinance.info/recommendations
FNS,,,,,,,,,yfinance.info/recommendations
FORTH,10.9,10.9,10.9,10.9,1.0,,1970-01-01,20403.0,yfinance.info/recommendations
FPI,,,,,,,,,yfinance.info/recommendations
FPT,,,,,,,,,yfinance.info/recommendations
FSMART,13.0,13.0,13.0,13.0,1.0,,1970-01-01,20403.0,yfinance.info/recommendations
FSX,,,,,,,,,yfinance.info/recommendations
FTE,,,,,,,,,yfinance.info/recommendations
FTI,,,,,,,,,yfinance.info/recommendations
FTREIT,11.35,11.35,11.7,11.0,2.0,,1970-01-01,20403.0,yfinance.info/recommendations
FUTURERT,,,,,,,,,yfinance.info/recommendations
FVC,,,,,,,,,yfinance.info/recommendations
GABLE,3.7,3.7,3.7,3.7,1.0,1.0,1970-01-01,20403.0,yfinance.info/recommendations
GAHREIT,,,,,,,,,yfinance.info/recommendations
GBX,,,,,,,,,yfinance.info/recommendations
GC,,,,,,,,,yfinance.info/recommendations
GCAP,,,,,,,,,yfinance.info/recommendations
GEL,,,,,,,,,yfinance.info/recommendations
GENCO,,,,,,,,,yfinance.info/recommendations
GFC,3.9,3.9,4.3,3.5,2.0,,1970-01-01,20403.0,yfinance.info/recommendations
GFPT,13.42222,13.4,15.0,11.5,9.0,,1970-01-01,20403.0,yfinance.info/recommendations
GGC,,,,,,,,,yfinance.info/recommendations
GJS,,,,,,,,,yfinance.info/recommendations
GLAND,,,,,,,,,yfinance.info/recommendations
GLOBAL,7.51071,7.775,9.5,4.7,14.0,2.64286,1970-01-01,20403.0,yfinance.info/recommendations
GLORY,,,,,,,,,yfinance.info/recommendations
GPI,,,,,,,,,yfinance.info/recommendations
GPSC,45.26667,45.0,56.0,36.0,15.0,1.66667,1970-01-01,20403.0,yfinance.info/recommendations
GRAMMY,,,,,,,,,yfinance.info/recommendations
GRAND,,,,,,,,,yfinance.info/recommendations
GREEN,,,,,,,,,yfinance.info/recommendations
GROREIT,,,,,,,,,yfinance.info/recommendations
GSTEEL,,,,,,,,,yfinance.info/recommendations
GTB,,,,,,,,,yfinance.info/recommendations
GTV,,,,,,,,,yfinance.info/recommendations
GULF,61.4,60.0,76.5,45.0,15.0,1.2,1970-01-01,20403.0,yfinance.info/recommendations
GUNKUL,2.796,2.5,4.08,2.3,5.0,1.0,1970-01-01,20403.0,yfinance.info/recommendations
GVREIT,,,,,,,,,yfinance.info/recommendations
GYT,,,,,,,,,yfinance.info/recommendations
HANA,27.88077,26.5,56.15,15.8,13.0,,1970-01-01,20403.0,yfinance.info/recommendations
HANN,,,,,,,,,yfinance.info/recommendations
HARN,,,,,,,,,yfinance.info/recommendations
HEALTH,,,,,,,,,yfinance.info/recommendations
HENG,,,,,,,,,yfinance.info/recommendations
HFT,,,,,,,,,yfinance.info/recommendations
HL,,,,,,,,,yfinance.info/recommendations
HMPRO,7.92368,7.8,11.0,5.6,19.0,2.2,1970-01-01,20403.0,yfinance.info/recommendations
HPT,,,,,,,,,yfinance.info/recommendations
HTC,,,,,,,,,yfinance.info/recommendations
HTECH,,,,,,,,,yfinance.info/recommendations
HUMAN,10.3,10.3,10.3,10.3,1.0,1.0,1970-01-01,20403.0,yfinance.info/recommendations
HYDRO,,,,,,,,,yfinance.info/recommendations
HYDROGEN,,,,,,,,,yfinance.info/recommendations
I2,,,,,,,,,yfinance.info/recommendations
ICC,,,,,,,,,yfinance.info/recommendations
ICHI,14.18,14.0,16.8,12.0,5.0,1.25,1970-01-01,20403.0,yfinance.info/recommendations
ICN,,,,,,,,,yfinance.info/recommendations
IFS,,,,,,,,,yfinance.info/recommendations
IHL,,,,,,,,,yfinance.info/recommendations
IIG,,,,,,,,,yfinance.info/recommendations
III,6.5,6.5,7.0,6.0,2.0,1.0,1970-01-01,20403.0,yfinance.info/recommendations
ILINK,8.5,8.5,8.5,8.5,1.0,,1970-01-01,20403.0,yfinance.info/recommendations
ILM,20.025,19.05,25.0,17.0,4.0,,1970-01-01,20403.0,yfinance.info/recommendations
IMH,,,,,,,,,yfinance.info/recommendations
IMPACT,11.2,11.2,11.2,11.2,1.0,,1970-01-01,20403.0,yfinance.info/recommendations
IND,,,,,,,,,yfinance.info/recommendations
INET,5.475,5.475,5.85,5.1,2.0,,1970-01-01,20403.0,yfinance.info/recommendations
INETREIT,12.3,12.3,12.3,12.3,1.0,,1970-01-01,20403.0,yfinance.info/recommendations
INGRS,,,,,,,,,yfinance.info/recommendations
INOX,,,,,,,,,yfinance.info/recommendations
INSET,1.85,1.85,1.85,1.85,1.0,,1970-01-01,20403.0,yfinance.info/recommendations
INSURE,,,,,,,,,yfinance.info/recommendations
IP,,,,,,,,,yfinance.info/recommendations
IRC,12.4,12.4,12.4,12.4,1.0,,1970-01-01,20403.0,yfinance.info/recommendations
IRCP,,,,,,,,,yfinance.info/recommendations
IROYAL,,,,,,,,,yfinance.info/recommendations
IRPC,0.92714,0.875,1.2,0.75,14.0,3.78571,1970-01-01,20403.0,yfinance.info/recommendations
ISSARA,,,,,,,,,yfinance.info/recommendations
IT,,,,,,,,,yfinance.info/recommendations
ITC,19.15,18.5,25.25,14.5,11.0,1.45455,1970-01-01,20403.0,yfinance.info/recommendations
ITD,0.54,0.54,0.54,0.54,1.0,,1970-01-01,20403.0,yfinance.info/recommendations
ITEL,2.07,2.07,2.1,2.04,2.0,1.0,1970-01-01,20403.0,yfinance.info/recommendations
ITNS,,,,,,,,,yfinance.info/recommendations
ITTHI,,,,,,,,,yfinance.info/recommendations
IVF,,,,,,,,,yfinance.info/recommendations
IVL,24.17857,25.0,28.1,18.0,14.0,1.71429,1970-01-01,20403.0,yfinance.info/recommendations
J,,,,,,,,,yfinance.info/recommendations
JAK,,,,,,,,,yfinance.info/recommendations
JAS,,,,,,,,,yfinance.info/recommendations
JCK,,,,,,,,,yfinance.info/recommendations
JCKH,,,,,,,,,yfinance.info/recommendations
JCT,,,,,,,,,yfinance.info/recommendations
JDF,,,,,,,,,yfinance.info/recommendations
JMART,,,,,,,,,yfinance.info/recommendations
JMT,12.29375,11.725,19.0,8.5,8.0,3.625,1970-01-01,20403.0,yfinance.info/recommendations
JPARK,5.95,5.85,7.4,4.6,3.0,,1970-01-01,20403.0,yfinance.info/recommendations
JR,,,,,,,,,yfinance.info/recommendations
JSP,,,,,,,,,yfinance.info/recommendations
JTS,,,,,,,,,yfinance.info/recommendations
JUBILE,9.0,9.0,9.0,9.0,1.0,,1970-01-01,20403.0,yfinance.info/recommendations
K,,,,,,,,,yfinance.info/recommendations
KAMART,12.0,12.0,12.0,12.0,1.0,,1970-01-01,20403.0,yfinance.info/recommendations
KASET,,,,,,,,,yfinance.info/recommendations
KBANK,187.6,190.0,216.0,150.0,19.0,2.0,1970-01-01,20403.0,yfinance.info/recommendations
KBS,,,,,,,,,yfinance.info/recommendations
KC,,,,,,,,,yfinance.info/recommendations
KCAR,,,,,,,,,yfinance.info/recommendations
KCC,,,,,,,,,yfinance.info/recommendations
KCE,24.47273,25.0,31.0,16.0,11.0,2.81818,1970-01-01,20403.0,yfinance.info/recommendations
KCG,11.425,11.25,12.2,11.0,4.0,,1970-01-01,20403.0,yfinance.info/recommendations
KCM,,,,,,,,,yfinance.info/recommendations
KDH,,,,,,,,,yfinance.info/recommendations
KGEN,,,,,,,,,yfinance.info/recommendations
KGI,,,,,,,,,yfinance.info/recommendations
KIAT,,,,,,,,,yfinance.info/recommendations
KISS,,,,,,,,,yfinance.info/recommendations
KJL,9.85,9.85,9.85,9.85,1.0,,1970-01-01,20403.0,yfinance.info/recommendations
KK,,,,,,,,,yfinance.info/recommendations
KKC,,,,,,,,,yfinance.info/recommendations
KKP,63.85714,63.0,80.0,50.0,14.0,3.0,1970-01-01,20403.0,yfinance.info/recommendations
KLINIQ,30.03333,31.6,33.0,25.5,3.0,,1970-01-01,20403.0,yfinance.info/recommendations
KOOL,,,,,,,,,yfinance.info/recommendations
KPNREIT,,,,,,,,,yfinance.info/recommendations
KSL,,,,,,,,,yfinance.info/recommendations
KTB,29.18421,30.0,33.0,21.4,19.0,1.4,1970-01-01,20403.0,yfinance.info/recommendations
KTBSTMR,,,,,,,,,yfinance.info/recommendations
KTC,35.91667,36.0,45.0,29.0,12.0,1.53846,1970-01-01,20403.0,yfinance.info/recommendations
KTIS,,,,,,,,,yfinance.info/recommendations
KTMS,,,,,,,,,yfinance.info/recommendations
KUMWEL,,,,,,,,,yfinance.info/recommendations
KUN,,,,,,,,,yfinance.info/recommendations
KWC,,,,,,,,,yfinance.info/recommendations
KWI,,,,,,,,,yfinance.info/recommendations
KWM,,,,,,,,,yfinance.info/recommendations
KYE,,,,,,,,,yfinance.info/recommendations
LALIN,,,,,,,,,yfinance.info/recommendations
LANNA,,,,,,,,,yfinance.info/recommendations
LDC,,,,,,,,,yfinance.info/recommendations
LEO,,,,,,,,,yfinance.info/recommendations
LH,4.32933,4.1,7.9,3.4,15.0,3.33333,1970-01-01,20403.0,yfinance.info/recommendations
LHFG,,,,,,,,,yfinance.info/recommendations
LHHOTEL,13.3,13.3,13.5,13.1,2.0,,1970-01-01,20403.0,yfinance.info/recommendations
LHK,,,,,,,,,yfinance.info/recommendations
LHRREIT,,,,,,,,,yfinance.info/recommendations
LHSC,13.6,13.6,13.6,13.6,1.0,,,,yfinance.info/recommendations
LIT,,,,,,,,,yfinance.info/recommendations
LOXLEY,,,,,,,,,yfinance.info/recommendations
LPH,,,,,,,,,yfinance.info/recommendations
LPN,1.92833,1.835,2.5,1.5,6.0,4.16667,1970-01-01,20403.0,yfinance.info/recommendations
LRH,,,,,,,,,yfinance.info/recommendations
LST,,,,,,,,,yfinance.info/recommendations
LTMH,6.6,6.6,6.6,6.6,1.0,,1970-01-01,20403.0,yfinance.info/recommendations
LTS,12.3,12.3,12.3,12.3,1.0,,1970-01-01,20403.0,yfinance.info/recommendations
M,28.5,28.0,31.0,26.5,3.0,,1970-01-01,20403.0,yfinance.info/recommendations
M-CHAI,,,,,,,,,yfinance.info/recommendations
MADAME,,,,,,,,,yfinance.info/recommendations
MAGURO,30.025,30.125,31.6,28.25,4.0,,1970-01-01,20403.0,yfinance.info/recommendations
MAJOR,10.69167,11.5,13.5,6.5,6.0,,1970-01-01,20403.0,yfinance.info/recommendations
MALEE,9.9,9.9,11.1,8.7,2.0,,1970-01-01,20403.0,yfinance.info/recommendations
MANRIN,,,,,,,,,yfinance.info/recommendations
MASTER,12.125,12.75,14.0,9.0,4.0,3.25,1970-01-01,20403.0,yfinance.info/recommendations
MATCH,,,,,,,,,yfinance.info/recommendations
MATI,,,,,,,,,yfinance.info/recommendations
MBAX,,,,,,,,,yfinance.info/recommendations
MBK,,,,,,,,,yfinance.info/recommendations
MC,13.1,12.6,14.2,12.5,3.0,,1970-01-01,20403.0,yfinance.info/recommendations
MCA,,,,,,,,,yfinance.info/recommendations
MCOT,,,,,,,,,yfinance.info/recommendations
MCS,,,,,,,,,yfinance.info/recommendations
MDX,,,,,,,,,yfinance.info/recommendations
MEB,25.5,25.5,30.0,21.0,2.0,,1970-01-01,20403.0,yfinance.info/recommendations
MEDEZE,11.2,11.2,11.4,11.0,2.0,,,,yfinance.info/recommendations
MEGA,31.71429,33.0,39.0,26.0,7.0,2.71429,1970-01-01,20403.0,yfinance.info/recommendations
MENA,1.5,1.5,1.5,1.5,1.0,,1970-01-01,20403.0,yfinance.info/recommendations
META,,,,,,,,,yfinance.info/recommendations
METCO,,,,,,,,,yfinance.info/recommendations
MFC,,,,,,,,,yfinance.info/recommendations
MFEC,,,,,,,,,yfinance.info/recommendations
MGC,,,,,,,,,yfinance.info/recommendations
MGI,,,,,,,,,yfinance.info/recommendations
MGT,,,,,,,,,yfinance.info/recommendations
MICRO,1.25,1.25,1.25,1.25,1.0,,1970-01-01,20403.0,yfinance.info/recommendations
MIDA,,,,,,,,,yfinance.info/recommendations
MII,,,,,,,,,yfinance.info/recommendations
MILL,,,,,,,,,yfinance.info/recommendations
MINT,35.11765,35.0,44.0,29.0,17.0,1.27778,1970-01-01,20403.0,yfinance.info/recommendations
MIPF,,,,,,,,,yfinance.info/recommendations
MITSIB,,,,,,,,,yfinance.info/recommendations
MJD,,,,,,,,,yfinance.info/recommendations
MJLF,,,,,,,,,yfinance.info/recommendations
MK,,,,,,,,,yfinance.info/recommendations
ML,,,,,,,,,yfinance.info/recommendations
MNIT,,,,,,,,,yfinance.info/recommendations
MODERN,,,,,,,,,yfinance.info/recommendations
MONO,,,,,,,,,yfinance.info/recommendations
MOONG,,,,,,,,,yfinance.info/recommendations
MORE,,,,,,,,,yfinance.info/recommendations
MOSHI,50.8125,50.5,60.0,40.5,8.0,1.0,1970-01-01,20403.0,yfinance.info/recommendations
MOTHER,,,,,,,,,yfinance.info/recommendations
MPJ,,,,,,,,,yfinance.info/recommendations
MSC,,,,,,,,,yfinance.info/recommendations
MST,,,,,,,,,yfinance.info/recommendations
MTC,50.89062,50.125,62.0,44.0,16.0,1.4375,1970-01-01,20403.0,yfinance.info/recommendations
MTI,,,,,,,,,yfinance.info/recommendations
MTW,,,,,,,,,yfinance.info/recommendations
MUD,,,,,,,,,yfinance.info/recommendations
MVP,,,,,,,,,yfinance.info/recommendations
NAM,,,,,,,,,yfinance.info/recommendations
NAT,,,,,,,,,yfinance.info/recommendations
NATION,,,,,,,,,yfinance.info/recommendations
NC,,,,,,,,,yfinance.info/recommendations
NCAP,,,,,,,,,yfinance.info/recommendations
NCH,,,,,,,,,yfinance.info/recommendations
NCL,,,,,,,,,yfinance.info/recommendations
NCP,,,,,,,,,yfinance.info/recommendations
NDR,,,,,,,,,yfinance.info/recommendations
NEO,22.75,24.25,27.0,17.0,3.0,,1970-01-01,20403.0,yfinance.info/recommendations
NEP,,,,,,,,,yfinance.info/recommendations
NER,6.125,6.125,6.4,5.85,4.0,,1970-01-01,20403.0,yfinance.info/recommendations
NETBAY,21.2,21.2,21.2,21.2,1.0,3.0,1970-01-01,20403.0,yfinance.info/recommendations
NEW,,,,,,,,,yfinance.info/recommendations
NEWS,,,,,,,,,yfinance.info/recommendations
NEX,,,,,,,,,yfinance.info/recommendations
NFC,,,,,,,,,yfinance.info/recommendations
NKI,,,,,,,,,yfinance.info/recommendations
NKT,6.1,6.1,6.1,6.1,1.0,,1970-01-01,20403.0,yfinance.info/recommendations
NL,,,,,,,,,yfinance.info/recommendations
NNCL,,,,,,,,,yfinance.info/recommendations
NOBLE,,,,,,,,,yfinance.info/recommendations
NOVA,,,,,,,,,yfinance.info/recommendations
NPK,,,,,,,,,yfinance.info/recommendations
NRF,,,,,,,,,yfinance.info/recommendations
NSL,37.9375,38.25,40.0,35.25,4.0,1.0,1970-01-01,20403.0,yfinance.info/recommendations
NTSC,,,,,,,,,yfinance.info/recommendations
NTV,,,,,,,,,yfinance.info/recommendations
NUT,,,,,,,,,yfinance.info/recommendations
NV,,,,,,,,,yfinance.info/recommendations
NVD,,,,,,,,,yfinance.info/recommendations
NWR,,,,,,,,,yfinance.info/recommendations
NYT,,,,,,,,,yfinance.info/recommendations
OCC,,,,,,,,,yfinance.info/recommendations
OGC,,,,,,,,,yfinance.info/recommendations
OHTL,,,,,,,,,yfinance.info/recommendations
OKJ,8.203553,8.026243,11.882193,4.879535,4.0,2.75,1970-01-01,20403.0,yfinance.info/recommendations
ONEE,2.005,1.825,2.66,1.72,6.0,4.66667,1970-01-01,20403.0,yfinance.info/recommendations
OR,15.65625,15.65,21.0,10.0,16.0,2.25,1970-01-01,20403.0,yfinance.info/recommendations
ORI,2.21,2.3,2.6,1.8,6.0,3.0,1970-01-01,20403.0,yfinance.info/recommendations
ORN,0.76,0.76,0.76,0.76,1.0,,,,yfinance.info/recommendations
OSP,19.54706,19.6,22.0,17.4,17.0,2.0,1970-01-01,20403.0,yfinance.info/recommendations
PACO,,,,,,,,,yfinance.info/recommendations
PAF,,,,,,,,,yfinance.info/recommendations
PANEL,,,,,,,,,yfinance.info/recommendations
PAP,,,,,,,,,yfinance.info/recommendations
PATO,,,,,,,,,yfinance.info/recommendations
PB,,,,,,,,,yfinance.info/recommendations
PCC,,,,,,,,,yfinance.info/recommendations
PCE,2.8,2.8,2.8,2.8,1.0,,1970-01-01,20403.0,yfinance.info/recommendations
PCSGH,,,,,,,,,yfinance.info/recommendations
PDG,,,,,,,,,yfinance.info/recommendations
PDJ,,,,,,,,,yfinance.info/recommendations
PEACE,,,,,,,,,yfinance.info/recommendations
PEER,,,,,,,,,yfinance.info/recommendations
PERM,,,,,,,,,yfinance.info/recommendations
PF,,,,,,,,,yfinance.info/recommendations
PG,,,,,,,,,yfinance.info/recommendations
PHG,,,,,,,,,yfinance.info/recommendations
PHOL,,,,,,,,,yfinance.info/recommendations
PICO,,,,,,,,,yfinance.info/recommendations
PIMO,,,,,,,,,yfinance.info/recommendations
PIN,4.63667,4.5,4.97,4.44,3.0,,1970-01-01,20403.0,yfinance.info/recommendations
PIS,,,,,,,,,yfinance.info/recommendations
PJW,3.1,3.1,3.1,3.1,1.0,,1970-01-01,20403.0,yfinance.info/recommendations
PK,,,,,,,,,yfinance.info/recommendations
PL,,,,,,,,,yfinance.info/recommendations
PLANB,6.97722,6.5,9.35,5.8,9.0,,1970-01-01,20403.0,yfinance.info/recommendations
PLANET,,,,,,,,,yfinance.info/recommendations
PLAT,,,,,,,,,yfinance.info/recommendations
PLE,,,,,,,,,yfinance.info/recommendations
PLT,,,,,,,,,yfinance.info/recommendations
PLUS,6.4,6.4,6.4,6.4,1.0,,,,yfinance.info/recommendations
PM,,,,,,,,,yfinance.info/recommendations
PMC,,,,,,,,,yfinance.info/recommendations
PMTA,,,,,,,,,yfinance.info/recommendations
POLY,,,,,,,,,yfinance.info/recommendations
PORT,,,,,,,,,yfinance.info/recommendations
PPM,,,,,,,,,yfinance.info/recommendations
PPP,,,,,,,,,yfinance.info/recommendations
PPPM,,,,,,,,,yfinance.info/recommendations
PPS,,,,,,,,,yfinance.info/recommendations
PQS,,,,,,,,,yfinance.info/recommendations
PR9,30.06538,30.0,33.75,27.0,13.0,1.16667,1970-01-01,20403.0,yfinance.info/recommendations
PRAKIT,,,,,,,,,yfinance.info/recommendations
PRAPAT,,,,,,,,,yfinance.info/recommendations
PREB,,,,,,,,,yfinance.info/recommendations
PRECHA,,,,,,,,,yfinance.info/recommendations
PRG,,,,,,,,,yfinance.info/recommendations
PRI,,,,,,,,,yfinance.info/recommendations
PRIME,,,,,,,,,yfinance.info/recommendations
PRIN,,,,,,,,,yfinance.info/recommendations
PRINC,,,,,,,,,yfinance.info/recommendations
PRM,9.475,9.45,10.0,9.0,4.0,1.0,1970-01-01,20403.0,yfinance.info/recommendations
PROEN,,,,,,,,,yfinance.info/recommendations
PROS,,,,,,,,,yfinance.info/recommendations
PROSPECT,11.0,11.0,11.0,11.0,1.0,,1970-01-01,20403.0,yfinance.info/recommendations
PROUD,,,,,,,,,yfinance.info/recommendations
PRTR,,,,,,,,,yfinance.info/recommendations
PSG,,,,,,,,,yfinance.info/recommendations
PSH,4.076,4.0,5.0,3.38,5.0,4.6,1970-01-01,20403.0,yfinance.info/recommendations
PSL,6.5,7.05,7.7,4.2,4.0,2.5,1970-01-01,20403.0,yfinance.info/recommendations
PSP,7.4,7.4,7.4,7.4,1.0,,1970-01-01,20403.0,yfinance.info/recommendations
PSTC,,,,,,,,,yfinance.info/recommendations
PT,,,,,,,,,yfinance.info/recommendations
PTC,,,,,,,,,yfinance.info/recommendations
PTECH,,,,,,,,,yfinance.info/recommendations
PTG,9.2375,9.65,10.5,7.3,8.0,1.875,1970-01-01,20403.0,yfinance.info/recommendations
PTL,,,,,,,,,yfinance.info/recommendations
PTT,34.98889,35.0,40.0,27.0,18.0,2.0,1970-01-01,20403.0,yfinance.info/recommendations
PTTEP,132.25,135.0,169.0,76.0,20.0,1.75,1970-01-01,20403.0,yfinance.info/recommendations
PTTGC,22.07895,21.0,30.0,14.0,19.0,3.52632,1970-01-01,20403.0,yfinance.info/recommendations
PYLON,,,,,,,,,yfinance.info/recommendations
Q-CON,,,,,,,,,yfinance.info/recommendations
QH,1.58444,1.5,2.1,1.25,9.0,,1970-01-01,20403.0,yfinance.info/recommendations
QHBREIT,,,,,,,,,yfinance.info/recommendations
QHHRREIT,,,,,,,,,yfinance.info/recommendations
QHOP,,,,,,,,,yfinance.info/recommendations
QLT,,,,,,,,,yfinance.info/recommendations
QTC,,,,,,,,,yfinance.info/recommendations
QTCG,,,,,,,,,yfinance.info/recommendations
RABBIT,,,,,,,,,yfinance.info/recommendations
RAM,20.45,20.45,23.0,17.9,2.0,,1970-01-01,20403.0,yfinance.info/recommendations
RATCH,31.69375,31.75,35.0,25.75,8.0,,1970-01-01,20403.0,yfinance.info/recommendations
RBF,4.04667,3.7,4.8,3.64,3.0,3.66667,1970-01-01,20403.0,yfinance.info/recommendations
RCL,,,,,,,,,yfinance.info/recommendations
READY,,,,,,,,,yfinance.info/recommendations
RICHY,,,,,,,,,yfinance.info/recommendations
RJH,13.5,13.5,13.5,13.5,1.0,,,,yfinance.info/recommendations
RML,,,,,,,,,yfinance.info/recommendations
ROCK,,,,,,,,,yfinance.info/recommendations
ROCTEC,,,,,,,,,yfinance.info/recommendations
ROH,,,,,,,,,yfinance.info/recommendations
ROJNA,6.95,6.95,8.6,5.3,2.0,,1970-01-01,20403.0,yfinance.info/recommendations
RP,,,,,,,,,yfinance.info/recommendations
RPC,,,,,,,,,yfinance.info/recommendations
RPH,,,,,,,,,yfinance.info/recommendations
RS,0.1,0.1,0.1,0.1,1.0,,,,yfinance.info/recommendations
RSP,,,,,,,,,yfinance.info/recommendations
RT,,,,,,,,,yfinance.info/recommendations
RWI,,,,,,,,,yfinance.info/recommendations
S,,,,,,,,,yfinance.info/recommendations
S11,,,,,,,,,yfinance.info/recommendations
SA,,,,,,,,,yfinance.info/recommendations
SAAM,,,,,,,,,yfinance.info/recommendations
SABINA,17.05,17.15,19.4,14.5,4.0,,1970-01-01,20403.0,yfinance.info/recommendations
SAF,,,,,,,,,yfinance.info/recommendations
SAFE,8.8875,8.55,10.2,8.25,4.0,1.5,1970-01-01,20403.0,yfinance.info/recommendations
SAK,4.82667,4.6,5.28,4.6,3.0,1.0,1970-01-01,20403.0,yfinance.info/recommendations
SALEE,,,,,,,,,yfinance.info/recommendations
SAM,,,,,,,,,yfinance.info/recommendations
SAMART,8.35,8.35,8.35,8.35,1.0,,1970-01-01,20403.0,yfinance.info/recommendations
SAMCO,,,,,,,,,yfinance.info/recommendations
SAMTEL,,,,,,,,,yfinance.info/recommendations
SANKO,,,,,,,,,yfinance.info/recommendations
SAPPE,33.96875,36.0,38.5,25.0,8.0,,1970-01-01,20403.0,yfinance.info/recommendations
SAT,14.04,13.5,16.0,12.9,5.0,,1970-01-01,20403.0,yfinance.info/recommendations
SAUCE,,,,,,,,,yfinance.info/recommendations
SAV,21.475,21.475,27.75,15.2,2.0,,1970-01-01,20403.0,yfinance.info/recommendations
SAWAD,30.15333,29.0,37.0,22.0,15.0,2.125,1970-01-01,20403.0,yfinance.info/recommendations
SAWANG,,,,,,,,,yfinance.info/recommendations
SC,2.2425,2.22,2.8,1.96,8.0,2.11111,1970-01-01,20403.0,yfinance.info/recommendations
SCAP,,,,,,,,,yfinance.info/recommendations
SCB,136.77779,134.5,158.0,115.0,18.0,2.3,1970-01-01,20403.0,yfinance.info/recommendations
SCC,219.025,205.0,462.5,128.0,20.0,3.0,1970-01-01,20403.0,yfinance.info/recommendations
SCCC,203.75,190.0,315.0,120.0,4.0,,1970-01-01,20403.0,yfinance.info/recommendations
SCG,,,,,,,,,yfinance.info/recommendations
SCGD,6.4,6.0,7.5,5.7,3.0,1.0,1970-01-01,20403.0,yfinance.info/recommendations
SCGP,19.11111,18.55,26.0,13.0,18.0,2.83333,1970-01-01,20403.0,yfinance.info/recommendations
SCI,,,,,,,,,yfinance.info/recommendations
SCL,,,,,,,,,yfinance.info/recommendations
SCM,,,,,,,,,yfinance.info/recommendations
SCN,,,,,,,,,yfinance.info/recommendations
SCP,,,,,,,,,yfinance.info/recommendations
SDC,,,,,,,,,yfinance.info/recommendations
SE,,,,,,,,,yfinance.info/recommendations
SE-ED,,,,,,,,,yfinance.info/recommendations
SEAFCO,3.0,3.0,3.0,3.0,1.0,,1970-01-01,20403.0,yfinance.info/recommendations
SEAOIL,,,,,,,,,yfinance.info/recommendations
SECURE,22.2,22.2,22.2,22.2,1.0,,1970-01-01,20403.0,yfinance.info/recommendations
SEI,5.98,5.98,5.98,5.98,1.0,,1970-01-01,20403.0,yfinance.info/recommendations
SELIC,,,,,,,,,yfinance.info/recommendations
SENA,,,,,,,,,yfinance.info/recommendations
SENX,,,,,,,,,yfinance.info/recommendations
SFLEX,3.5,3.5,3.5,3.5,2.0,,1970-01-01,20403.0,yfinance.info/recommendations
SFT,,,,,,,,,yfinance.info/recommendations
SGC,,,,,,,,,yfinance.info/recommendations
SGF,,,,,,,,,yfinance.info/recommendations
SGP,,,,,,,,,yfinance.info/recommendations
SHANG,,,,,,,,,yfinance.info/recommendations
SHR,2.33333,2.2,2.8,2.0,3.0,,1970-01-01,20403.0,yfinance.info/recommendations
SIAM,,,,,,,,,yfinance.info/recommendations
SICT,3.6,3.6,3.6,3.6,1.0,,1970-01-01,20403.0,yfinance.info/recommendations
SIMAT,,,,,,,,,yfinance.info/recommendations
SINGER,6.7,6.7,6.7,6.7,1.0,,1970-01-01,20403.0,yfinance.info/recommendations
SINO,,,,,,,,,yfinance.info/recommendations
SIRI,1.699,1.65,2.2,1.37,10.0,1.7,1970-01-01,20403.0,yfinance.info/recommendations
SIRIPRT,,,,,,,,,yfinance.info/recommendations
SIS,23.0,23.0,23.0,23.0,1.0,1.0,1970-01-01,20403.0,yfinance.info/recommendations
SISB,20.16667,19.25,29.0,15.5,6.0,1.14286,1970-01-01,20403.0,yfinance.info/recommendations
SITHAI,,,,,,,,,yfinance.info/recommendations
SJWD,12.21667,12.3,14.0,10.0,6.0,1.0,1970-01-01,20403.0,yfinance.info/recommendations
SK,,,,,,,,,yfinance.info/recommendations
SKE,,,,,,,,,yfinance.info/recommendations
SKN,,,,,,,,,yfinance.info/recommendations
SKR,,,,,,,,,yfinance.info/recommendations
SKY,15.0,15.0,15.0,15.0,1.0,1.0,1970-01-01,20403.0,yfinance.info/recommendations
SLP,,,,,,,,,yfinance.info/recommendations
SMART,,,,,,,,,yfinance.info/recommendations
SMD100,,,,,,,,,yfinance.info/recommendations
SMIT,,,,,,,,,yfinance.info/recommendations
SMPC,,,,,,,,,yfinance.info/recommendations
SMT,,,,,,,,,yfinance.info/recommendations
SNC,,,,,,,,,yfinance.info/recommendations
SNNP,11.08333,11.05,12.0,10.3,6.0,3.33333,1970-01-01,20403.0,yfinance.info/recommendations
SNP,,,,,,,,,yfinance.info/recommendations
SNPS,6.6,6.6,6.6,6.6,1.0,,,,yfinance.info/recommendations
SO,,,,,,,,,yfinance.info/recommendations
SOLAR,,,,,,,,,yfinance.info/recommendations
SONIC,,,,,,,,,yfinance.info/recommendations
SORKON,,,,,,,,,yfinance.info/recommendations
SPA,4.31429,4.0,6.0,3.6,7.0,2.0,1970-01-01,20403.0,yfinance.info/recommendations
SPACK,,,,,,,,,yfinance.info/recommendations
SPALI,17.92857,17.95,20.5,16.0,14.0,2.28571,1970-01-01,20403.0,yfinance.info/recommendations
SPC,,,,,,,,,yfinance.info/recommendations
SPCG,,,,,,,,,yfinance.info/recommendations
SPG,,,,,,,,,yfinance.info/recommendations
SPI,,,,,,,,,yfinance.info/recommendations
SPRC,6.3639655,6.0226803,7.8683405,4.92176,13.0,1.30769,1970-01-01,20403.0,yfinance.info/recommendations
SPREME,,,,,,,,,yfinance.info/recommendations
SPRIME,,,,,,,,,yfinance.info/recommendations
SPVI,,,,,,,,,yfinance.info/recommendations
SQ,,,,,,,,,yfinance.info/recommendations
SR,,,,,,,,,yfinance.info/recommendations
SRICHA,,,,,,,,,yfinance.info/recommendations
SRIPANWA,,,,,,,,,yfinance.info/recommendations
SRS,,,,,,,,,yfinance.info/recommendations
SSF,,,,,,,,,yfinance.info/recommendations
SSP,4.8,4.8,4.8,4.8,1.0,1.0,1970-01-01,20403.0,yfinance.info/recommendations
SSSC,,,,,,,,,yfinance.info/recommendations
SST,,,,,,,,,yfinance.info/recommendations
SSTRT,,,,,,,,,yfinance.info/recommendations
STA,15.425,15.3,18.7,12.4,4.0,,1970-01-01,20403.0,yfinance.info/recommendations
STANLY,189.84,185.0,210.0,162.0,5.0,,1970-01-01,20403.0,yfinance.info/recommendations
STARM,,,,,,,,,yfinance.info/recommendations
STC,,,,,,,,,yfinance.info/recommendations
STECH,,,,,,,,,yfinance.info/recommendations
STECON,9.45455,9.5,10.8,7.5,11.0,1.08333,1970-01-01,20403.0,yfinance.info/recommendations
STELLA,,,,,,,,,yfinance.info/recommendations
STGT,9.0625,8.875,11.0,7.5,4.0,,1970-01-01,20403.0,yfinance.info/recommendations
STI,,,,,,,,,yfinance.info/recommendations
STOWER,,,,,,,,,yfinance.info/recommendations
STP,,,,,,,,,yfinance.info/recommendations
STPI,,,,,,,,,yfinance.info/recommendations
STX,,,,,,,,,yfinance.info/recommendations
SUC,,,,,,,,,yfinance.info/recommendations
SUN,,,,,,,,,yfinance.info/recommendations
SUPER,,,,,,,,,yfinance.info/recommendations
SUSCO,3.1,3.1,3.1,3.1,1.0,,1970-01-01,20403.0,yfinance.info/recommendations
SUTHA,,,,,,,,,yfinance.info/recommendations
SVI,6.0875,6.125,6.8,5.3,4.0,3.5,1970-01-01,20403.0,yfinance.info/recommendations
SVOA,,,,,,,,,yfinance.info/recommendations
SVR,,,,,,,,,yfinance.info/recommendations
SVT,,,,,,,,,yfinance.info/recommendations
SWC,,,,,,,,,yfinance.info/recommendations
SYMC,7.4,7.4,7.4,7.4,1.0,,1970-01-01,20403.0,yfinance.info/recommendations
SYNEX,14.625,14.45,16.0,13.6,4.0,1.0,1970-01-01,20403.0,yfinance.info/recommendations
SYNTEC,,,,,,,,,yfinance.info/recommendations
TACC,6.3,6.3,6.4,6.2,2.0,1.0,1970-01-01,20403.0,yfinance.info/recommendations
TAE,,,,,,,,,yfinance.info/recommendations
TAKUNI,,,,,,,,,yfinance.info/recommendations
TAN,4.5,4.5,4.5,4.5,1.0,,1970-01-01,20403.0,yfinance.info/recommendations
TASCO,17.3,17.25,18.4,16.3,6.0,,1970-01-01,20403.0,yfinance.info/recommendations
TATG,,,,,,,,,yfinance.info/recommendations
TBN,,,,,,,,,yfinance.info/recommendations
TC,,,,,,,,,yfinance.info/recommendations
TCAP,54.4,54.0,57.0,52.0,5.0,,1970-01-01,20403.0,yfinance.info/recommendations
TCC,,,,,,,,,yfinance.info/recommendations
TCJ,,,,,,,,,yfinance.info/recommendations
TCMC,,,,,,,,,yfinance.info/recommendations
TCOAT,,,,,,,,,yfinance.info/recommendations
TEAM,,,,,,,,,yfinance.info/recommendations
TEAMG,,,,,,,,,yfinance.info/recommendations
TEGH,5.0,5.0,5.0,5.0,1.0,,1970-01-01,20403.0,yfinance.info/recommendations
TEKA,,,,,,,,,yfinance.info/recommendations
TERA,,,,,,,,,yfinance.info/recommendations
TFG,6.55,6.3,8.5,5.5,7.0,1.42857,1970-01-01,20403.0,yfinance.info/recommendations
TFI,,,,,,,,,yfinance.info/recommendations
TFM,,,,,,1.5,1970-01-01,20403.0,yfinance.info/recommendations
TFMAMA,,,,,,,,,yfinance.info/recommendations
TGE,,,,,,,,,yfinance.info/recommendations
TGH,,,,,,,,,yfinance.info/recommendations
TGPRO,,,,,,,,,yfinance.info/recommendations
TH,,,,,,,,,yfinance.info/recommendations
THAI,10.97692,11.3,15.0,7.2,13.0,3.42857,1970-01-01,20403.0,yfinance.info/recommendations
THANA,,,,,,,,,yfinance.info/recommendations
THANI,1.9875,2.05,2.3,1.55,4.0,1.5,1970-01-01,20403.0,yfinance.info/recommendations
THCOM,11.745,12.5,13.5,9.925,5.0,1.16667,1970-01-01,20403.0,yfinance.info/recommendations
THE,,,,,,,,,yfinance.info/recommendations
THG,6.75,6.75,7.7,5.8,2.0,,1970-01-01,20403.0,yfinance.info/recommendations
THIP,,,,,,,,,yfinance.info/recommendations
THMUI,,,,,,,,,yfinance.info/recommendations
THRE,,,,,,,,,yfinance.info/recommendations
THREL,,,,,,,,,yfinance.info/recommendations
TIDLOR,22.95,23.5,28.8,19.0,14.0,1.53333,1970-01-01,20403.0,yfinance.info/recommendations
TIF1,,,,,,,,,yfinance.info/recommendations
TIGER,,,,,,,,,yfinance.info/recommendations
TIPCO,,,,,,,,,yfinance.info/recommendations
TIPH,,,,,,,,,yfinance.info/recommendations
TISCO,101.26667,102.0,111.0,93.0,15.0,2.9375,1970-01-01,20403.0,yfinance.info/recommendations
TITLE,,,,,,,,,yfinance.info/recommendations
TK,,,,,,,,,yfinance.info/recommendations
TKC,,,,,,,,,yfinance.info/recommendations
TKN,8.56667,6.2,13.5,6.0,3.0,,1970-01-01,20403.0,yfinance.info/recommendations
TKS,6.75,6.75,6.75,6.75,1.0,,1970-01-01,20403.0,yfinance.info/recommendations
TKT,,,,,,,,,yfinance.info/recommendations
TL,,,,,,,,,yfinance.info/recommendations
TLHPF,,,,,,,,,yfinance.info/recommendations
TLI,15.68,15.0,19.0,14.2,5.0,,1970-01-01,20403.0,yfinance.info/recommendations
TM,,,,,,,,,yfinance.info/recommendations
TMAN,17.9,17.9,17.9,17.9,1.0,,,,yfinance.info/recommendations
TMC,,,,,,,,,yfinance.info/recommendations
TMD,,,,,,,,,yfinance.info/recommendations
TMI,,,,,,,,,yfinance.info/recommendations
TMILL,,,,,,,,,yfinance.info/recommendations
TMT,,,,,,,,,yfinance.info/recommendations
TMW,,,,,,,,,yfinance.info/recommendations
TNDT,,,,,,,,,yfinance.info/recommendations
TNH,,,,,,,,,yfinance.info/recommendations
TNITY,,,,,,,,,yfinance.info/recommendations
TNL,,,,,,,,,yfinance.info/recommendations
TNP,4.05,4.05,4.1,4.0,2.0,,1970-01-01,20403.0,yfinance.info/recommendations
TNPC,,,,,,,,,yfinance.info/recommendations
TNR,,,,,,,,,yfinance.info/recommendations
TOA,16.6,16.8,19.8,13.0,4.0,1.5,1970-01-01,20403.0,yfinance.info/recommendations
TOG,,,,,,,,,yfinance.info/recommendations
TOP,36.13947,37.25,47.0,25.0,19.0,2.31579,1970-01-01,20403.0,yfinance.info/recommendations
TOPP,,,,,,,,,yfinance.info/recommendations
TPA,,,,,,,,,yfinance.info/recommendations
TPAC,9.5,9.5,9.5,9.5,1.0,,,,yfinance.info/recommendations
TPBI,,,,,,,,,yfinance.info/recommendations
TPCH,,,,,,,,,yfinance.info/recommendations
TPCS,,,,,,,,,yfinance.info/recommendations
TPIPL,,,,,,,,,yfinance.info/recommendations
TPIPP,,,,,,,,,yfinance.info/recommendations
TPL,,,,,,,,,yfinance.info/recommendations
TPLAS,,,,,,,,,yfinance.info/recommendations
TPOLY,,,,,,,,,yfinance.info/recommendations
TPP,,,,,,,,,yfinance.info/recommendations
TPRIME,,,,,,,,,yfinance.info/recommendations
TPS,,,,,,,,,yfinance.info/recommendations
TQM,19.33333,18.0,24.0,16.0,3.0,,1970-01-01,20403.0,yfinance.info/recommendations
TQR,,,,,,,,,yfinance.info/recommendations
TR,,,,,,,,,yfinance.info/recommendations
TRC,,,,,,,,,yfinance.info/recommendations
TRITN,,,,,,,,,yfinance.info/recommendations
TRP,5.775,5.775,6.5,5.05,2.0,,1970-01-01,20403.0,yfinance.info/recommendations
TRT,,,,,,,,,yfinance.info/recommendations
TRU,,,,,,,,,yfinance.info/recommendations
TRUBB,,,,,,,,,yfinance.info/recommendations
TRUE,15.08333,15.05,18.0,11.0,18.0,1.36842,1970-01-01,20403.0,yfinance.info/recommendations
TRV,,,,,,,,,yfinance.info/recommendations
TSC,,,,,,,,,yfinance.info/recommendations
TSE,,,,,,,,,yfinance.info/recommendations
TSI,,,,,,,,,yfinance.info/recommendations
TSR,,,,,,,,,yfinance.info/recommendations
TSTE,,,,,,,,,yfinance.info/recommendations
TSTH,,,,,,,,,yfinance.info/recommendations
TTA,5.3,5.3,5.3,5.3,2.0,,1970-01-01,20403.0,yfinance.info/recommendations
TTB,1.97722,1.97,2.2,1.72,18.0,2.77778,1970-01-01,20403.0,yfinance.info/recommendations
TTCL,,,,,,,,,yfinance.info/recommendations
TTI,,,,,,,,,yfinance.info/recommendations
TTT,,,,,,,,,yfinance.info/recommendations
TTW,9.95,10.3,10.5,8.7,4.0,,1970-01-01,20403.0,yfinance.info/recommendations
TU,13.34615,13.6,17.2,8.7,13.0,2.35714,1970-01-01,20403.0,yfinance.info/recommendations
TU-PF,,,,,,,,,yfinance.info/recommendations
TURTLE,,,,,,,,,yfinance.info/recommendations
TVDH,,,,,,,,,yfinance.info/recommendations
TVH,,,,,,,,,yfinance.info/recommendations
TVO,30.0,30.0,30.0,30.0,2.0,,1970-01-01,20403.0,yfinance.info/recommendations
TVT,,,,,,,,,yfinance.info/recommendations
TWP,,,,,,,,,yfinance.info/recommendations
TWPC,3.94,3.94,3.94,3.94,1.0,,1970-01-01,20403.0,yfinance.info/recommendations
TWZ,,,,,,,,,yfinance.info/recommendations
TYCN,,,,,,,,,yfinance.info/recommendations
UAC,,,,,,,,,yfinance.info/recommendations
UBA,,,,,,,,,yfinance.info/recommendations
UBE,,,,,,,,,yfinance.info/recommendations
UBIS,,,,,,,,,yfinance.info/recommendations
UEC,,,,,,,,,yfinance.info/recommendations
UKEM,,,,,,,,,yfinance.info/recommendations
UMI,,,,,,,,,yfinance.info/recommendations
UMS,,,,,,,,,yfinance.info/recommendations
UNIQ,,,,,,,,,yfinance.info/recommendations
UOBKH,,,,,,,,,yfinance.info/recommendations
UP,,,,,,,,,yfinance.info/recommendations
UPF,,,,,,,,,yfinance.info/recommendations
UPOIC,,,,,,,,,yfinance.info/recommendations
UREKA,,,,,,,,,yfinance.info/recommendations
UTP,,,,,,,,,yfinance.info/recommendations
UV,,,,,,,,,yfinance.info/recommendations
UVAN,,,,,,,,,yfinance.info/recommendations
VARO,,,,,,,,,yfinance.info/recommendations
VCOM,,,,,,,,,yfinance.info/recommendations
VGI,2.04,2.12,2.2,1.7,5.0,,1970-01-01,20403.0,yfinance.info/recommendations
VIBHA,,,,,,,,,yfinance.info/recommendations
VIH,,,,,,,,,yfinance.info/recommendations
VL,,,,,,,,,yfinance.info/recommendations
VNG,,,,,,,,,yfinance.info/recommendations
VPO,,,,,,,,,yfinance.info/recommendations
VRANDA,,,,,,,,,yfinance.info/recommendations
VS,,,,,,,,,yfinance.info/recommendations
WACOAL,,,,,,,,,yfinance.info/recommendations
WARRIX,2.2,2.3,2.8,1.5,3.0,4.0,1970-01-01,20403.0,yfinance.info/recommendations
WAVE,,,,,,,,,yfinance.info/recommendations
WELL,,,,,,,,,yfinance.info/recommendations
WFX,,,,,,,,,yfinance.info/recommendations
WGE,,,,,,,,,yfinance.info/recommendations
WHA,4.1675,4.2,5.1,3.3,16.0,1.64706,1970-01-01,20403.0,yfinance.info/recommendations
WHABT,,,,,,,,,yfinance.info/recommendations
WHAIR,7.35,7.35,8.6,6.1,2.0,1.5,1970-01-01,20403.0,yfinance.info/recommendations
WHART,10.95,10.95,11.0,10.9,2.0,,1970-01-01,20403.0,yfinance.info/recommendations
WHAUP,5.035,5.1,5.3,4.575,5.0,1.0,1970-01-01,20403.0,yfinance.info/recommendations
WICE,3.125,3.125,3.65,2.6,2.0,,1970-01-01,20403.0,yfinance.info/recommendations
WIIK,,,,,,,,,yfinance.info/recommendations
WIN,,,,,,,,,yfinance.info/recommendations
WINDOW,,,,,,,,,yfinance.info/recommendations
WINMED,,,,,,,,,yfinance.info/recommendations
WINNER,,,,,,,,,yfinance.info/recommendations
WORK,5.05,5.05,5.3,4.8,2.0,,1970-01-01,20403.0,yfinance.info/recommendations
WP,,,,,,,,,yfinance.info/recommendations
WPH,11.0,11.0,11.0,11.0,1.0,,,,yfinance.info/recommendations
WSOL,,,,,,,,,yfinance.info/recommendations
XBIO,,,,,,,,,yfinance.info/recommendations
XO,17.45,17.45,18.0,16.9,2.0,,1970-01-01,20403.0,yfinance.info/recommendations
XPG,1.01,1.01,1.01,1.01,1.0,,1970-01-01,20403.0,yfinance.info/recommendations
XYZ,,,,,,,,,yfinance.info/recommendations
YGG,,,,,,,,,yfinance.info/recommendations
YONG,,,,,,,,,yfinance.info/recommendations
YUASA,,,,,,,,,yfinance.info/recommendations
ZAA,,,,,,,,,yfinance.info/recommendations
ZEN,6.5,6.5,6.5,6.5,2.0,,1970-01-01,20403.0,yfinance.info/recommendations
ZIGA,,,,,,,,,yfinance.info/recommendations
